Workbook

Sheet Control Assessment & SoA
A1: Control ID | B1: ISO 27001:2022 Domain | C1: NIST CSF 2.0 Mapping | D1: Control Description | E1: Applicability (SoA) | F1: Inclusion / Exclusion Justification | G1: Current Implementation Status | H1: Implementation Maturity (CMMI) | I1: Control Gap / Finding | J1: Inherent Risk Level | K1: Control Owner | L1: Remediation Action Plan | M1: Target Timeline
A2: A.5.23 | B2: Organizational Controls | C2: PR.PS-01 | D2: Information security for use of cloud services | E2: Applicable | F2: Core production applications and customer transaction databases run on AWS cloud infrastructure. | G2: Partially Implemented | H2: Level 2 - Repeatable | I2: Cloud infrastructure configured manually via AWS Console without Infrastructure as Code (IaC) baselines; missing automated drift detection on S3 buckets. | J2: HIGH | K2: DevOps / SecOps | L2: Enforce Terraform IaC deployment pipelines and activate AWS GuardDuty with S3 public access block policies. | M2: 60 Days
A3: A.8.12 | B3: Technological Controls | C3: PR.DS-01 | D3: Data leakage prevention (DLP) & PII protection; supporting: data masking (A.8.11), test information (A.8.33) | E3: Applicable | F3: Platform processes personal identifiable information (PII) subject to the Indian DPDP Act 2023. | G3: Not Implemented | H3: Level 1 - Initial | I3: Unmasked customer PII present in non-production database staging snapshots without data masking or automated DLP monitoring. | J3: CRITICAL | K3: Database Admin / SecOps | L3: Deploy dynamic data masking in non-prod environments and use AWS Macie to scan S3 exports and backups for sensitive data exposure. | M3: 30 Days
A4: A.5.15 | B4: Organizational Controls | C4: PR.AA-03 | D4: Access control & identity management; supporting: secure authentication (A.8.5) | E4: Applicable | F4: All administrative access to cloud control planes must be strictly governed. | G4: Partially Implemented | H4: Level 2 - Repeatable | I4: Console logins enforce MFA, but CLI/API access uses long-lived access keys with no MFA session requirement. | J4: HIGH | K4: IAM / SecOps | L4: Enforce conditional access policies blocking AWS CLI/API actions unless authenticated via hardware/TOTP MFA. | M4: 30 Days
A5: A.8.9 | B5: Technological Controls | C5: PR.PS-05 | D5: Secure deployment configuration, container image integrity | E5: Applicable | F5: Microservices run on containerized Kubernetes (EKS) clusters. | G5: Partially Implemented | H5: Level 2 - Repeatable | I5: Per simulated DevOps Lead interview: images are signed in some pipelines, but EKS has no admission control that rejects unsigned or unverified images. | J5: HIGH | K5: DevOps | L5: Integrate Cosign/Kyverno admission controllers to enforce signed container image policies before cluster deployment. | M5: 60 Days
A6: A.8.24 | B6: Technological Controls | C6: PR.DS-02 | D6: Use of cryptography & key management | E6: Applicable | F6: Database encryption at rest and in transit is required for financial transaction data. | G6: Partially Implemented | H6: Level 3 - Defined | I6: Database backup keys are managed using default cloud service provider keys without Customer Managed Keys (CMK) rotation schedules. | J6: MEDIUM | K6: SecOps | L6: Migrate to AWS KMS Customer Managed Keys (CMK) with automated 90-day key rotation enabled. | M6: 60 Days
A7: A.8.15 | B7: Technological Controls | C7: DE.CM-01 | D7: Logging & monitoring of security events | E7: Applicable | F7: Mandatory for security incident detection, forensic investigations, and regulatory audit compliance. | G7: Fully Implemented | H7: Level 4 - Managed | I7: None. CloudTrail and VPC Flow Logs stream directly to an off-host SIEM with WORM Object Lock enabled. | J7: LOW | K7: SOC / SecOps | L7: Maintain quarterly log retention verification and SIEM alert tuning. | M7: 90 Days
A8: A.8.8 | B8: Technological Controls | C8: ID.RA-01 | D8: Management of technical vulnerabilities | E8: Applicable | F8: Continuous vulnerability assessment required across code bases and container registries. | G8: Fully Implemented | H8: Level 4 - Managed | I8: None. Automated weekly container registry scanning integrated with Jira ticketing for Critical/High CVE remediations. | J8: LOW | K8: DevSecOps | L8: Maintain current automated scanning SLA (SLA: 7 days for Critical CVEs). | M8: 90 Days
A9: A.5.29 | B9: Organizational Controls | C9: ID.IM-02 | D9: Information security during disruption (BCP/DR) | E9: Applicable | F9: SaaS SLAs guarantee 99.9% uptime for core financial APIs. | G9: Not Implemented | H9: Level 1 - Initial | I9: Multi-region database failover testing has not been executed within the last 12 months; missing documented RTO/RPO metrics. | J9: CRITICAL | K9: Infrastructure / IT Leadership | L9: Establish RTO (4 hours) / RPO (15 minutes) targets and conduct a simulated multi-region disaster recovery failover drill. | M9: 30 Days
A10: A.8.28 | B10: Technological Controls | C10: PR.PS-06 | D10: Secure coding & application development | E10: Applicable | F10: Custom API backend handles sensitive financial transactions. | G10: Partially Implemented | H10: Level 2 - Repeatable | I10: Static Application Security Testing (SAST) is run manually prior to major releases rather than automated in CI/CD build pipelines. | J10: HIGH | K10: DevSecOps / Engineering | L10: Integrate SonarQube/Semgrep SAST scans into GitHub Actions CI/CD to automatically block builds containing High/Critical flaws. | M10: 60 Days
A11: A.7.1 | B11: Physical Controls | C11: PR.AA-06 | D11: Physical security perimeter & data center protection | E11: Not Applicable | F11: Data-centre physical security is inherited from AWS (see its SOC 2 Type II / ISO 27001 reports). Office and device physical controls remain in scope but were not sampled here. | G11: Fully Implemented | H11: N/A (inherited) | I11: None (Inherited cloud control). | J11: LOW | K11: Compliance / AWS Shared Responsibility | L11: Collect and review AWS Third-Party SOC 2 Type II audit report annually. | M11: 90 Days

Sheet Executive Summary
B2: EXECUTIVE COMPLIANCE SCOREBOARD
B5: EXECUTIVE KPI SUMMARY | F5: Implementation Status Summary | J5: Risk Breakdown Summary
B6: Total controls evaluated | D6: =COUNTA('Control Assessment & SoA'!A2:A11) -> 10 | F6: Status | G6: Count | H6: Percentage | J6: Inherent Risk Level | K6: Count | L6: Percentage
B7: Applicable controls | D7: =COUNTIF('Control Assessment & SoA'!E2:E11, "Applicable") -> 9 | F7: Fully implemented controls | G7: =COUNTIF('Control Assessment & SoA'!G2:G11, "Fully Implemented") - COUNTIF('Control Assessment & SoA'!E2:E11, "Not Applicable") -> 2 | H7: =G7/G11 -> 0.2 | J7: CRITICAL | K7: =Countif('Control Assessment & SoA'!J2:J11, "Critical") -> 2 | L7: =K7/K11 -> 0.2
B8: Fully implemented controls | D8: =COUNTIF('Control Assessment & SoA'!G2:G11, "Fully Implemented") - COUNTIF('Control Assessment & SoA'!E2:E11, "Not Applicable") -> 2 | F8: Partially implemented controls | G8: =COUNTIF('Control Assessment & SoA'!G2:G11, "Partially Implemented") -> 5 | H8: =G8/G11 -> 0.5 | J8: HIGH | K8: =Countif('Control Assessment & SoA'!J2:J11, "HIGH") -> 4 | L8: =K8/K11 -> 0.4
B9: Partially implemented controls | D9: =COUNTIF('Control Assessment & SoA'!G2:G11, "Partially Implemented") -> 5 | F9: Not implemented controls | G9: =COUNTIF('Control Assessment & SoA'!G2:G11, "Not Implemented") -> 2 | H9: =G9/G11 -> 0.2 | J9: MEDIUM | K9: =Countif('Control Assessment & SoA'!J2:J11, "Medium") -> 1 | L9: =K9/K11 -> 0.1
B10: Not implemented controls | D10: =COUNTIF('Control Assessment & SoA'!G2:G11, "Not Implemented") -> 2 | F10: Excluded / Inherited (AWS) | G10: =COUNTIF('Control Assessment & SoA'!E2:E11, "Not Applicable") -> 1 | H10: =G10/G11 -> 0.1 | J10: LOW | K10: =Countif('Control Assessment & SoA'!J2:J11, "low") -> 3 | L10: =K10/K11 -> 0.3
B11: Overall Compliance score | D11: =((COUNTIF('Control Assessment & SoA'!G2:G11, "Fully Implemented") - COUNTIF('Control Assessment & SoA'!E2:E11, "Not Applicable"))*1 + COUNTIF('Control Assessment & SoA'!G2:G11, "Partially Implemented")*0.5) / COUNTIF('Control Assessment & SoA'!E2:E11, "Applicable") -> 0.5 | F11: Total | G11: =G7+G8+G9+G10 -> 10 | H11: =H7+H8+H9+H10 -> 1 | J11: Total | K11: =K7+K8+K9+K10 -> 10 | L11: =L7+L8+L9+L10 -> 1
